<Anims>
 <anim name="BUILD_PLAYER" root="template" numframes="1000" framerate="40">
  <frame idx="0" w="824" h="914" x="-359.949127" y="-413.197998">
   <element name="face" layername="timeline_0" frame="0" z_index="-121" m_a="1.000000" m_b="0.000000" m_c="0.000000" m_d="1.000000" m_tx="-251.099503" m_ty="-169.198486"/>
   <element name="headbase_hat" layername="timeline_1" frame="0" z_index="-117" m_a="1.000000" m_b="0.000000" m_c="0.000000" m_d="1.000000" m_tx="-254.249496" m_ty="-179.823502"/>
   <element name="headbase" layername="timeline_2" frame="0" z_index="-116" m_a="1.000000" m_b="0.000000" m_c="0.000000" m_d="1.000000" m_tx="-254.249496" m_ty="-180.123505"/>
   <element name="hair_hat" layername="timeline_3" frame="0" z_index="-113" m_a="1.000000" m_b="0.000000" m_c="0.000000" m_d="1.000000" m_tx="-254.423492" m_ty="-224.298508"/>
   <element name="hair" layername="timeline_4" frame="0" z_index="-112" m_a="1.000000" m_b="0.000000" m_c="0.000000" m_d="1.000000" m_tx="-258.523499" m_ty="-270.073486"/>
   <element name="torso" layername="timeline_5" frame="0" z_index="-108" m_a="1.000000" m_b="0.000000" m_c="0.000000" m_d="1.000000" m_tx="-249.249496" m_ty="-76.473495"/>
   <element name="foot" layername="timeline_6" frame="0" z_index="-107" m_a="-1.000000" m_b="0.000000" m_c="0.000000" m_d="1.000000" m_tx="-232.100494" m_ty="0.976000"/>
   <element name="foot" layername="timeline_7" frame="0" z_index="-105" m_a="1.000000" m_b="0.000000" m_c="0.000000" m_d="1.000000" m_tx="-266.698486" m_ty="0.976000"/>
   <element name="leg" layername="timeline_8" frame="0" z_index="-104" m_a="-1.000000" m_b="0.000000" m_c="0.000000" m_d="1.000000" m_tx="-239.525497" m_ty="-19.948498"/>
   <element name="leg" layername="timeline_9" frame="0" z_index="-101" m_a="1.000000" m_b="0.000000" m_c="0.000000" m_d="1.000000" m_tx="-259.273499" m_ty="-19.948498"/>
   <element name="hand" layername="timeline_10" frame="0" z_index="-98" m_a="0.993774" m_b="-0.031403" m_c="0.031403" m_d="0.993774" m_tx="-288.297241" m_ty="-41.271770"/>
   <element name="arm_upper" layername="timeline_11" frame="0" z_index="-96" m_a="0.931122" m_b="0.358444" m_c="-0.358444" m_d="0.931122" m_tx="-277.596893" m_ty="-93.687943"/>
   <element name="arm_lower" layername="timeline_12" frame="0" z_index="-94" m_a="0.973282" m_b="0.207016" m_c="-0.207016" m_d="0.973282" m_tx="-286.724060" m_ty="-65.708878"/>
   <element name="hand" layername="timeline_13" frame="0" z_index="-92" m_a="-0.993774" m_b="-0.031403" m_c="-0.031403" m_d="0.993774" m_tx="-211.501755" m_ty="-41.271770"/>
   <element name="arm_upper" layername="timeline_14" frame="0" z_index="-91" m_a="-0.931122" m_b="0.358444" m_c="0.358444" m_d="0.931122" m_tx="-222.202103" m_ty="-93.687943"/>
   <element name="arm_lower" layername="timeline_15" frame="0" z_index="-90" m_a="-0.973282" m_b="0.207016" m_c="0.207016" m_d="0.973282" m_tx="-213.074936" m_ty="-65.708878"/>
   <element name="hand" layername="timeline_16" frame="1" z_index="-84" m_a="-0.162841" m_b="-0.980042" m_c="0.980042" m_d="-0.162841" m_tx="-144.287415" m_ty="-109.019295"/>
   <element name="arm_upper" layername="timeline_17" frame="1" z_index="-83" m_a="0.482436" m_b="-0.870926" m_c="0.870926" m_d="0.482436" m_tx="-212.541580" m_ty="-95.055847"/>
   <element name="arm_lower" layername="timeline_18" frame="1" z_index="-82" m_a="-0.316665" m_b="-0.941819" m_c="0.941819" m_d="-0.316665" m_tx="-173.672134" m_ty="-96.266479"/>
   <element name="hair_hat" layername="timeline_19" frame="2" z_index="-119" m_a="0.997879" m_b="-0.061340" m_c="0.061340" m_d="0.997879" m_tx="-4.702975" m_ty="-210.881790"/>
   <element name="hair" layername="timeline_20" frame="2" z_index="-118" m_a="0.997879" m_b="-0.061340" m_c="0.061340" m_d="0.997879" m_tx="-2.030829" m_ty="-247.255692"/>
   <element name="torso" layername="timeline_21" frame="6" z_index="-114" m_a="1.000000" m_b="0.000000" m_c="0.000000" m_d="1.000000" m_tx="0.900500" m_ty="-80.598503"/>
   <element name="foot" layername="timeline_22" frame="3" z_index="-109" m_a="1.000000" m_b="0.000000" m_c="0.000000" m_d="1.000000" m_tx="-18.198498" m_ty="1.926000"/>
   <element name="leg" layername="timeline_23" frame="3" z_index="-108" m_a="1.000000" m_b="0.000000" m_c="0.000000" m_d="1.000000" m_tx="-11.923498" m_ty="-18.323502"/>
   <element name="foot" layername="timeline_24" frame="3" z_index="-106" m_a="-1.000000" m_b="0.000000" m_c="0.000000" m_d="1.000000" m_tx="16.399498" m_ty="2.326000"/>
   <element name="leg" layername="timeline_25" frame="3" z_index="-104" m_a="-1.000000" m_b="0.000000" m_c="0.000000" m_d="1.000000" m_tx="10.124498" m_ty="-17.923500"/>
   <element name="headbase_hat" layername="timeline_26" frame="2" z_index="-103" m_a="-0.997879" m_b="0.061340" m_c="0.061340" m_d="0.997879" m_tx="-0.387017" m_ty="-184.004807"/>
   <element name="headbase" layername="timeline_27" frame="2" z_index="-102" m_a="-0.997879" m_b="0.061340" m_c="0.061340" m_d="0.997879" m_tx="-0.394684" m_ty="-184.129532"/>
   <element name="headbase" layername="timeline_28" frame="2" z_index="-101" m_a="-0.997879" m_b="0.061340" m_c="0.061340" m_d="0.997879" m_tx="-0.394684" m_ty="-184.129532"/>
   <element name="hand" layername="timeline_29" frame="5" z_index="-98" m_a="-0.976669" m_b="-0.172791" m_c="-0.172791" m_d="0.976669" m_tx="43.772385" m_ty="-44.422867"/>
   <element name="arm_upper" layername="timeline_30" frame="0" z_index="-96" m_a="-0.875061" m_b="0.478409" m_c="0.478409" m_d="0.875061" m_tx="26.473272" m_ty="-94.200600"/>
   <element name="arm_lower" layername="timeline_31" frame="0" z_index="-94" m_a="-0.954254" m_b="0.279816" m_c="0.279816" m_d="0.954254" m_tx="39.372002" m_ty="-66.583908"/>
   <element name="hand" layername="timeline_32" frame="5" z_index="-92" m_a="0.975418" m_b="-0.181946" m_c="0.181946" m_d="0.975418" m_tx="-41.578522" m_ty="-42.269012"/>
   <element name="arm_upper" layername="timeline_33" frame="0" z_index="-91" m_a="0.905121" m_b="0.419281" m_c="-0.419281" m_d="0.905121" m_tx="-26.402510" m_ty="-91.782372"/>
   <element name="arm_lower" layername="timeline_34" frame="0" z_index="-90" m_a="0.957199" m_b="0.271027" m_c="-0.271027" m_d="0.957199" m_tx="-37.377010" m_ty="-64.477837"/>
   <element name="hand" layername="timeline_35" frame="4" z_index="-84" m_a="0.159056" m_b="-0.978943" m_c="-0.978943" m_d="-0.159056" m_tx="-105.759224" m_ty="-101.888924"/>
   <element name="arm_upper" layername="timeline_36" frame="1" z_index="-83" m_a="-0.497770" m_b="-0.863393" m_c="-0.895050" m_d="0.516021" m_tx="-33.980530" m_ty="-93.331230"/>
   <element name="arm_lower" layername="timeline_37" frame="1" z_index="-82" m_a="0.188263" m_b="-0.983326" m_c="-1.056320" m_d="-0.202239" m_tx="-74.983734" m_ty="-91.107605"/>
   <element name="face" layername="timeline_38" frame="4" z_index="-121" m_a="1.000000" m_b="0.000000" m_c="0.000000" m_d="1.000000" m_tx="282.300507" m_ty="-173.273499"/>
   <element name="headbase_hat" layername="timeline_39" frame="1" z_index="-117" m_a="1.000000" m_b="0.000000" m_c="0.000000" m_d="1.000000" m_tx="249.450500" m_ty="-179.523499"/>
   <element name="headbase" layername="timeline_40" frame="1" z_index="-116" m_a="1.000000" m_b="0.000000" m_c="0.000000" m_d="1.000000" m_tx="249.450500" m_ty="-180.123505"/>
   <element name="hair_hat" layername="timeline_41" frame="1" z_index="-113" m_a="1.000000" m_b="0.000000" m_c="0.000000" m_d="1.000000" m_tx="223.851501" m_ty="-221.448502"/>
   <element name="hair" layername="timeline_42" frame="1" z_index="-112" m_a="1.000000" m_b="0.000000" m_c="0.000000" m_d="1.000000" m_tx="203.526505" m_ty="-268.498505"/>
   <element name="hand" layername="timeline_43" frame="2" z_index="-108" m_a="0.991235" m_b="0.030800" m_c="-0.031723" m_d="1.020950" m_tx="220.259399" m_ty="-41.012184"/>
   <element name="arm_upper" layername="timeline_44" frame="2" z_index="-104" m_a="0.959407" m_b="0.337317" m_c="-0.378128" m_d="1.075485" m_tx="230.042007" m_ty="-102.827560"/>
   <element name="arm_lower" layername="timeline_45" frame="0" z_index="-101" m_a="0.989503" m_b="0.103297" m_c="-0.119736" m_d="1.146973" m_tx="221.466232" m_ty="-66.683914"/>
   <element name="torso" layername="timeline_46" frame="3" z_index="-98" m_a="1.000000" m_b="0.000000" m_c="0.000000" m_d="1.000000" m_tx="251.650497" m_ty="-80.148499"/>
   <element name="foot" layername="timeline_47" frame="1" z_index="-97" m_a="1.000000" m_b="0.000000" m_c="0.000000" m_d="1.062897" m_tx="251.526505" m_ty="4.816465"/>
   <element name="leg" layername="timeline_48" frame="1" z_index="-96" m_a="1.000000" m_b="0.000000" m_c="0.000000" m_d="1.062897" m_tx="244.051498" m_ty="-23.298553"/>
   <element name="foot" layername="timeline_49" frame="2" z_index="-95" m_a="1.000000" m_b="0.000000" m_c="0.000000" m_d="1.062897" m_tx="261.300507" m_ty="-3.115938"/>
   <element name="leg" layername="timeline_50" frame="2" z_index="-94" m_a="1.000000" m_b="0.000000" m_c="0.000000" m_d="1.062897" m_tx="253.250488" m_ty="-26.607355"/>
   <element name="hand" layername="timeline_51" frame="3" z_index="-92" m_a="0.913132" m_b="-0.386597" m_c="0.386597" m_d="0.913132" m_tx="274.217285" m_ty="-41.731140"/>
   <element name="arm_upper" layername="timeline_52" frame="2" z_index="-91" m_a="0.995679" m_b="-0.030239" m_c="0.035141" m_d="1.157074" m_tx="260.693939" m_ty="-101.642670"/>
   <element name="arm_lower" layername="timeline_53" frame="0" z_index="-90" m_a="0.973602" m_b="-0.262321" m_c="0.296768" m_d="1.101456" m_tx="265.612946" m_ty="-64.849487"/>
   <element name="hand" layername="timeline_54" frame="1" z_index="-84" m_a="-0.112609" m_b="-0.986908" m_c="0.986908" m_d="-0.112609" m_tx="344.369019" m_ty="-106.351570"/>
   <element name="arm_upper" layername="timeline_55" frame="1" z_index="-83" m_a="0.482436" m_b="-0.870926" m_c="0.870926" m_d="0.482436" m_tx="274.908417" m_ty="-97.805847"/>
   <element name="arm_lower" layername="timeline_56" frame="1" z_index="-82" m_a="-0.220519" m_b="-0.968506" m_c="0.968506" m_d="-0.220519" m_tx="314.094360" m_ty="-96.108170"/>
  </frame>
  <frame idx="25" w="824" h="914" x="-359.949127" y="-413.197998">
   <element name="face" layername="timeline_0" frame="0" z_index="-121" m_a="1.000000" m_b="0.000000" m_c="0.000000" m_d="1.000000" m_tx="-251.099503" m_ty="-169.198486"/>
   <element name="headbase_hat" layername="timeline_1" frame="0" z_index="-117" m_a="1.000000" m_b="0.000000" m_c="0.000000" m_d="1.000000" m_tx="-254.249496" m_ty="-179.823502"/>
   <element name="headbase" layername="timeline_2" frame="0" z_index="-116" m_a="1.000000" m_b="0.000000" m_c="0.000000" m_d="1.000000" m_tx="-254.249496" m_ty="-180.123505"/>
   <element name="hair_hat" layername="timeline_3" frame="0" z_index="-113" m_a="1.000000" m_b="0.000000" m_c="0.000000" m_d="1.000000" m_tx="-254.423492" m_ty="-224.298508"/>
   <element name="hair" layername="timeline_4" frame="0" z_index="-112" m_a="1.000000" m_b="0.000000" m_c="0.000000" m_d="1.000000" m_tx="-258.523499" m_ty="-270.073486"/>
   <element name="torso" layername="timeline_5" frame="0" z_index="-108" m_a="1.000000" m_b="0.000000" m_c="0.000000" m_d="1.000000" m_tx="-249.249496" m_ty="-76.473495"/>
   <element name="foot" layername="timeline_6" frame="0" z_index="-107" m_a="-1.000000" m_b="0.000000" m_c="0.000000" m_d="1.000000" m_tx="-232.100494" m_ty="0.976000"/>
   <element name="foot" layername="timeline_7" frame="0" z_index="-105" m_a="1.000000" m_b="0.000000" m_c="0.000000" m_d="1.000000" m_tx="-266.698486" m_ty="0.976000"/>
   <element name="leg" layername="timeline_8" frame="0" z_index="-104" m_a="-1.000000" m_b="0.000000" m_c="0.000000" m_d="1.000000" m_tx="-239.525497" m_ty="-19.948498"/>
   <element name="leg" layername="timeline_9" frame="0" z_index="-101" m_a="1.000000" m_b="0.000000" m_c="0.000000" m_d="1.000000" m_tx="-259.273499" m_ty="-19.948498"/>
   <element name="hand" layername="timeline_10" frame="0" z_index="-98" m_a="0.993774" m_b="-0.031403" m_c="0.031403" m_d="0.993774" m_tx="-288.297241" m_ty="-41.271770"/>
   <element name="arm_upper" layername="timeline_11" frame="0" z_index="-96" m_a="0.931122" m_b="0.358444" m_c="-0.358444" m_d="0.931122" m_tx="-277.596893" m_ty="-93.687943"/>
   <element name="arm_lower" layername="timeline_12" frame="0" z_index="-94" m_a="0.973282" m_b="0.207016" m_c="-0.207016" m_d="0.973282" m_tx="-286.724060" m_ty="-65.708878"/>
   <element name="hand" layername="timeline_13" frame="0" z_index="-92" m_a="-0.993774" m_b="-0.031403" m_c="-0.031403" m_d="0.993774" m_tx="-211.501755" m_ty="-41.271770"/>
   <element name="arm_upper" layername="timeline_14" frame="0" z_index="-91" m_a="-0.931122" m_b="0.358444" m_c="0.358444" m_d="0.931122" m_tx="-222.202103" m_ty="-93.687943"/>
   <element name="arm_lower" layername="timeline_15" frame="0" z_index="-90" m_a="-0.973282" m_b="0.207016" m_c="0.207016" m_d="0.973282" m_tx="-213.074936" m_ty="-65.708878"/>
   <element name="hand" layername="timeline_16" frame="1" z_index="-84" m_a="-0.162841" m_b="-0.980042" m_c="0.980042" m_d="-0.162841" m_tx="-144.287415" m_ty="-109.019295"/>
   <element name="arm_upper" layername="timeline_17" frame="1" z_index="-83" m_a="0.482436" m_b="-0.870926" m_c="0.870926" m_d="0.482436" m_tx="-212.541580" m_ty="-95.055847"/>
   <element name="arm_lower" layername="timeline_18" frame="1" z_index="-82" m_a="-0.316665" m_b="-0.941819" m_c="0.941819" m_d="-0.316665" m_tx="-173.672134" m_ty="-96.266479"/>
   <element name="hair_hat" layername="timeline_19" frame="2" z_index="-119" m_a="0.997879" m_b="-0.061340" m_c="0.061340" m_d="0.997879" m_tx="-4.702975" m_ty="-210.881790"/>
   <element name="hair" layername="timeline_20" frame="2" z_index="-118" m_a="0.997879" m_b="-0.061340" m_c="0.061340" m_d="0.997879" m_tx="-2.030829" m_ty="-247.255692"/>
   <element name="torso" layername="timeline_21" frame="6" z_index="-114" m_a="1.000000" m_b="0.000000" m_c="0.000000" m_d="1.000000" m_tx="0.900500" m_ty="-80.598503"/>
   <element name="foot" layername="timeline_22" frame="3" z_index="-109" m_a="1.000000" m_b="0.000000" m_c="0.000000" m_d="1.000000" m_tx="-18.198498" m_ty="1.926000"/>
   <element name="leg" layername="timeline_23" frame="3" z_index="-108" m_a="1.000000" m_b="0.000000" m_c="0.000000" m_d="1.000000" m_tx="-11.923498" m_ty="-18.323502"/>
   <element name="foot" layername="timeline_24" frame="3" z_index="-106" m_a="-1.000000" m_b="0.000000" m_c="0.000000" m_d="1.000000" m_tx="16.399498" m_ty="2.326000"/>
   <element name="leg" layername="timeline_25" frame="3" z_index="-104" m_a="-1.000000" m_b="0.000000" m_c="0.000000" m_d="1.000000" m_tx="10.124498" m_ty="-17.923500"/>
   <element name="headbase_hat" layername="timeline_26" frame="2" z_index="-103" m_a="-0.997879" m_b="0.061340" m_c="0.061340" m_d="0.997879" m_tx="-0.387017" m_ty="-184.004807"/>
   <element name="headbase" layername="timeline_27" frame="2" z_index="-102" m_a="-0.997879" m_b="0.061340" m_c="0.061340" m_d="0.997879" m_tx="-0.394684" m_ty="-184.129532"/>
   <element name="headbase" layername="timeline_28" frame="2" z_index="-101" m_a="-0.997879" m_b="0.061340" m_c="0.061340" m_d="0.997879" m_tx="-0.394684" m_ty="-184.129532"/>
   <element name="hand" layername="timeline_29" frame="5" z_index="-98" m_a="-0.976669" m_b="-0.172791" m_c="-0.172791" m_d="0.976669" m_tx="43.772385" m_ty="-44.422867"/>
   <element name="arm_upper" layername="timeline_30" frame="0" z_index="-96" m_a="-0.875061" m_b="0.478409" m_c="0.478409" m_d="0.875061" m_tx="26.473272" m_ty="-94.200600"/>
   <element name="arm_lower" layername="timeline_31" frame="0" z_index="-94" m_a="-0.954254" m_b="0.279816" m_c="0.279816" m_d="0.954254" m_tx="39.372002" m_ty="-66.583908"/>
   <element name="hand" layername="timeline_32" frame="5" z_index="-92" m_a="0.975418" m_b="-0.181946" m_c="0.181946" m_d="0.975418" m_tx="-41.578522" m_ty="-42.269012"/>
   <element name="arm_upper" layername="timeline_33" frame="0" z_index="-91" m_a="0.905121" m_b="0.419281" m_c="-0.419281" m_d="0.905121" m_tx="-26.402510" m_ty="-91.782372"/>
   <element name="arm_lower" layername="timeline_34" frame="0" z_index="-90" m_a="0.957199" m_b="0.271027" m_c="-0.271027" m_d="0.957199" m_tx="-37.377010" m_ty="-64.477837"/>
   <element name="hand" layername="timeline_35" frame="4" z_index="-84" m_a="0.159056" m_b="-0.978943" m_c="-0.978943" m_d="-0.159056" m_tx="-105.759224" m_ty="-101.888924"/>
   <element name="arm_upper" layername="timeline_36" frame="1" z_index="-83" m_a="-0.497770" m_b="-0.863393" m_c="-0.895050" m_d="0.516021" m_tx="-33.980530" m_ty="-93.331230"/>
   <element name="arm_lower" layername="timeline_37" frame="1" z_index="-82" m_a="0.188263" m_b="-0.983326" m_c="-1.056320" m_d="-0.202239" m_tx="-74.983734" m_ty="-91.107605"/>
   <element name="face" layername="timeline_38" frame="4" z_index="-121" m_a="1.000000" m_b="0.000000" m_c="0.000000" m_d="1.000000" m_tx="282.300507" m_ty="-173.273499"/>
   <element name="headbase_hat" layername="timeline_39" frame="1" z_index="-117" m_a="1.000000" m_b="0.000000" m_c="0.000000" m_d="1.000000" m_tx="249.450500" m_ty="-179.523499"/>
   <element name="headbase" layername="timeline_40" frame="1" z_index="-116" m_a="1.000000" m_b="0.000000" m_c="0.000000" m_d="1.000000" m_tx="249.450500" m_ty="-180.123505"/>
   <element name="hair_hat" layername="timeline_41" frame="1" z_index="-113" m_a="1.000000" m_b="0.000000" m_c="0.000000" m_d="1.000000" m_tx="223.851501" m_ty="-221.448502"/>
   <element name="hair" layername="timeline_42" frame="1" z_index="-112" m_a="1.000000" m_b="0.000000" m_c="0.000000" m_d="1.000000" m_tx="203.526505" m_ty="-268.498505"/>
   <element name="hand" layername="timeline_43" frame="2" z_index="-108" m_a="0.991235" m_b="0.030800" m_c="-0.031723" m_d="1.020950" m_tx="220.259399" m_ty="-41.012184"/>
   <element name="arm_upper" layername="timeline_44" frame="2" z_index="-104" m_a="0.959407" m_b="0.337317" m_c="-0.378128" m_d="1.075485" m_tx="230.042007" m_ty="-102.827560"/>
   <element name="arm_lower" layername="timeline_45" frame="0" z_index="-101" m_a="0.989503" m_b="0.103297" m_c="-0.119736" m_d="1.146973" m_tx="221.466232" m_ty="-66.683914"/>
   <element name="torso" layername="timeline_46" frame="3" z_index="-98" m_a="1.000000" m_b="0.000000" m_c="0.000000" m_d="1.000000" m_tx="251.650497" m_ty="-80.148499"/>
   <element name="foot" layername="timeline_47" frame="1" z_index="-97" m_a="1.000000" m_b="0.000000" m_c="0.000000" m_d="1.062897" m_tx="251.526505" m_ty="4.816465"/>
   <element name="leg" layername="timeline_48" frame="1" z_index="-96" m_a="1.000000" m_b="0.000000" m_c="0.000000" m_d="1.062897" m_tx="244.051498" m_ty="-23.298553"/>
   <element name="foot" layername="timeline_49" frame="2" z_index="-95" m_a="1.000000" m_b="0.000000" m_c="0.000000" m_d="1.062897" m_tx="261.300507" m_ty="-3.115938"/>
   <element name="leg" layername="timeline_50" frame="2" z_index="-94" m_a="1.000000" m_b="0.000000" m_c="0.000000" m_d="1.062897" m_tx="253.250488" m_ty="-26.607355"/>
   <element name="hand" layername="timeline_51" frame="3" z_index="-92" m_a="0.913132" m_b="-0.386597" m_c="0.386597" m_d="0.913132" m_tx="274.217285" m_ty="-41.731140"/>
   <element name="arm_upper" layername="timeline_52" frame="2" z_index="-91" m_a="0.995679" m_b="-0.030239" m_c="0.035141" m_d="1.157074" m_tx="260.693939" m_ty="-101.642670"/>
   <element name="arm_lower" layername="timeline_53" frame="0" z_index="-90" m_a="0.973602" m_b="-0.262321" m_c="0.296768" m_d="1.101456" m_tx="265.612946" m_ty="-64.849487"/>
   <element name="hand" layername="timeline_54" frame="1" z_index="-84" m_a="-0.112609" m_b="-0.986908" m_c="0.986908" m_d="-0.112609" m_tx="344.369019" m_ty="-106.351570"/>
   <element name="arm_upper" layername="timeline_55" frame="1" z_index="-83" m_a="0.482436" m_b="-0.870926" m_c="0.870926" m_d="0.482436" m_tx="274.908417" m_ty="-97.805847"/>
   <element name="arm_lower" layername="timeline_56" frame="1" z_index="-82" m_a="-0.220519" m_b="-0.968506" m_c="0.968506" m_d="-0.220519" m_tx="314.094360" m_ty="-96.108170"/>
  </frame>
  <frame idx="50" w="824" h="914" x="-359.949127" y="-413.197998"/>
  <frame idx="75" w="824" h="914" x="-359.949127" y="-413.197998"/>
  <frame idx="100" w="824" h="914" x="-359.949127" y="-413.197998"/>
  <frame idx="125" w="824" h="914" x="-359.949127" y="-413.197998"/>
  <frame idx="150" w="824" h="914" x="-359.949127" y="-413.197998"/>
  <frame idx="175" w="824" h="914" x="-359.949127" y="-413.197998"/>
  <frame idx="200" w="824" h="914" x="-359.949127" y="-413.197998"/>
  <frame idx="225" w="824" h="914" x="-359.949127" y="-413.197998"/>
  <frame idx="250" w="824" h="914" x="-359.949127" y="-413.197998"/>
  <frame idx="275" w="824" h="914" x="-359.949127" y="-413.197998"/>
  <frame idx="300" w="824" h="914" x="-359.949127" y="-413.197998"/>
  <frame idx="325" w="824" h="914" x="-359.949127" y="-413.197998"/>
  <frame idx="350" w="824" h="914" x="-359.949127" y="-413.197998"/>
  <frame idx="375" w="824" h="914" x="-359.949127" y="-413.197998"/>
  <frame idx="400" w="824" h="914" x="-359.949127" y="-413.197998"/>
  <frame idx="425" w="824" h="914" x="-359.949127" y="-413.197998"/>
  <frame idx="450" w="824" h="914" x="-359.949127" y="-413.197998"/>
  <frame idx="475" w="824" h="914" x="-359.949127" y="-413.197998"/>
  <frame idx="500" w="824" h="914" x="-359.949127" y="-413.197998"/>
  <frame idx="525" w="824" h="914" x="-359.949127" y="-413.197998"/>
  <frame idx="550" w="824" h="914" x="-359.949127" y="-413.197998"/>
  <frame idx="575" w="824" h="914" x="-359.949127" y="-413.197998"/>
  <frame idx="600" w="824" h="914" x="-359.949127" y="-413.197998"/>
  <frame idx="625" w="824" h="914" x="-359.949127" y="-413.197998"/>
  <frame idx="650" w="824" h="914" x="-359.949127" y="-413.197998"/>
  <frame idx="675" w="824" h="914" x="-359.949127" y="-413.197998"/>
  <frame idx="700" w="824" h="914" x="-359.949127" y="-413.197998"/>
  <frame idx="725" w="824" h="914" x="-359.949127" y="-413.197998"/>
  <frame idx="750" w="824" h="914" x="-359.949127" y="-413.197998"/>
  <frame idx="775" w="824" h="914" x="-359.949127" y="-413.197998"/>
  <frame idx="800" w="824" h="914" x="-359.949127" y="-413.197998"/>
  <frame idx="825" w="824" h="914" x="-359.949127" y="-413.197998"/>
  <frame idx="850" w="824" h="914" x="-359.949127" y="-413.197998"/>
  <frame idx="875" w="824" h="914" x="-359.949127" y="-413.197998"/>
  <frame idx="900" w="824" h="914" x="-359.949127" y="-413.197998"/>
  <frame idx="925" w="824" h="914" x="-359.949127" y="-413.197998"/>
  <frame idx="950" w="824" h="914" x="-359.949127" y="-413.197998"/>
  <frame idx="975" w="824" h="914" x="-359.949127" y="-413.197998"/>
 </anim>
</Anims>
